{"initial_reset_timestamp": 348.477571743, "timestamps": [390.489925786], "episode_lengths": [2000], "episode_rewards": [-102.71200333532373], "episode_types": ["t"]}